<?xml version="1.0" encoding="UTF-8"?>
<root>
  <item name="com.google.android.exoplayer2.drm.UnsupportedDrmException UnsupportedDrmException(int) 0">
    <annotation name="android.support.annotation.IntDef">
      <val name="value" val="{com.google.android.exoplayer2.drm.UnsupportedDrmException.REASON_UNSUPPORTED_SCHEME, com.google.android.exoplayer2.drm.UnsupportedDrmException.REASON_INSTANTIATION_ERROR}" />
    </annotation>
  </item>
  <item name="com.google.android.exoplayer2.drm.UnsupportedDrmException UnsupportedDrmException(int, java.lang.Exception) 0">
    <annotation name="android.support.annotation.IntDef">
      <val name="value" val="{com.google.android.exoplayer2.drm.UnsupportedDrmException.REASON_UNSUPPORTED_SCHEME, com.google.android.exoplayer2.drm.UnsupportedDrmException.REASON_INSTANTIATION_ERROR}" />
    </annotation>
  </item>
  <item name="com.google.android.exoplayer2.drm.UnsupportedDrmException reason">
    <annotation name="android.support.annotation.IntDef">
      <val name="value" val="{com.google.android.exoplayer2.drm.UnsupportedDrmException.REASON_UNSUPPORTED_SCHEME, com.google.android.exoplayer2.drm.UnsupportedDrmException.REASON_INSTANTIATION_ERROR}" />
    </annotation>
  </item>
  <item name="com.google.android.exoplayer2.drm.UnsupportedDrmException.Reason">
    <annotation name="android.support.annotation.IntDef">
      <val name="value" val="{com.google.android.exoplayer2.drm.UnsupportedDrmException.REASON_UNSUPPORTED_SCHEME, com.google.android.exoplayer2.drm.UnsupportedDrmException.REASON_INSTANTIATION_ERROR}" />
    </annotation>
  </item>
</root>

