<?xml version="1.0" encoding="UTF-8"?>
<root>
  <item name="com.google.android.exoplayer2.extractor.ts.DefaultStreamReaderFactory DefaultStreamReaderFactory(int) 0">
    <annotation name="android.support.annotation.IntDef">
      <val name="flag" val="true" />
      <val name="value" val="{com.google.android.exoplayer2.extractor.ts.DefaultStreamReaderFactory.FLAG_ALLOW_NON_IDR_KEYFRAMES, com.google.android.exoplayer2.extractor.ts.DefaultStreamReaderFactory.FLAG_IGNORE_AAC_STREAM, com.google.android.exoplayer2.extractor.ts.DefaultStreamReaderFactory.FLAG_IGNORE_H264_STREAM, com.google.android.exoplayer2.extractor.ts.DefaultStreamReaderFactory.FLAG_DETECT_ACCESS_UNITS}" />
    </annotation>
  </item>
  <item name="com.google.android.exoplayer2.extractor.ts.DefaultStreamReaderFactory flags">
    <annotation name="android.support.annotation.IntDef">
      <val name="flag" val="true" />
      <val name="value" val="{com.google.android.exoplayer2.extractor.ts.DefaultStreamReaderFactory.FLAG_ALLOW_NON_IDR_KEYFRAMES, com.google.android.exoplayer2.extractor.ts.DefaultStreamReaderFactory.FLAG_IGNORE_AAC_STREAM, com.google.android.exoplayer2.extractor.ts.DefaultStreamReaderFactory.FLAG_IGNORE_H264_STREAM, com.google.android.exoplayer2.extractor.ts.DefaultStreamReaderFactory.FLAG_DETECT_ACCESS_UNITS}" />
    </annotation>
  </item>
  <item name="com.google.android.exoplayer2.extractor.ts.DefaultStreamReaderFactory.Flags">
    <annotation name="android.support.annotation.IntDef">
      <val name="flag" val="true" />
      <val name="value" val="{com.google.android.exoplayer2.extractor.ts.DefaultStreamReaderFactory.FLAG_ALLOW_NON_IDR_KEYFRAMES, com.google.android.exoplayer2.extractor.ts.DefaultStreamReaderFactory.FLAG_IGNORE_AAC_STREAM, com.google.android.exoplayer2.extractor.ts.DefaultStreamReaderFactory.FLAG_IGNORE_H264_STREAM, com.google.android.exoplayer2.extractor.ts.DefaultStreamReaderFactory.FLAG_DETECT_ACCESS_UNITS}" />
    </annotation>
  </item>
</root>

